Empresa;Código(s);CNPJ;Banco escriturador
3R PETROLEUM ÓLEO E GÁS S.A;RRRP3;12.091.809/0001-55;ITAÚ CORRETORA DE AÇÕES
524 PARTICIPACOES S.A.;QVQP3;01.851.771/0001-55;ITAÚ CORRETORA DE AÇÕES
AERIS INDÚSTRIA E COMÉRCIO DE EQUIPAMENTOS DE GERAÇÃO DE ENERGIA S/A;AERI3;12.528.708/0001-07;ITAÚ CORRETORA DE AÇÕES
AES BRASIL ENERGIA S.A.;AESB3;37.663.076/0001-07;ITAÚ CORRETORA DE AÇÕES
AES BRASIL OPERAÇÕES S.A.;AESO3;00.194.724/0001-13;ITAÚ CORRETORA DE AÇÕES
AFLUENTE TRANSMISSÃO DE ENERGIA ELÉTRICA S/A;AFLT3;10.338.320/0001-00;ITAÚ CORRETORA DE AÇÕES
AGROGALAXY PARTICIPAÇÕES S.A.;AGXY3;21.240.146/0001-84;ITAÚ CORRETORA DE AÇÕES
ALFA HOLDINGS S.A;"RPAD3
RPAD5
RPAD6";17.167.396/0001-69;SANTANDER
ALLIANÇA SAÚDE E PARTICIPAÇÕES S.A.;AALR3;42.771.949/0001-35;ITAÚ CORRETORA DE AÇÕES
ALIANSCE SONAE SHOPPING CENTERS S.A.;ALSO3;05.878.397/0001-32;ITAÚ CORRETORA DE AÇÕES
ALLIED TECNOLOGIA S.A.;ALLD3;20.247.322/0001-47;ITAÚ CORRETORA DE AÇÕES
ALLOS S.A;"ALOS3
ALOS99";05.878.397/0001-32;ITAÚ CORRETORA DE AÇÕES
ALLPARK EMPREENDIMENTOS PARTICIPAÇÕES SERVIÇOS S.A.;"ALPK3
ALPK9";60.537.263/0001-66;BRADESCO
ALPARGATAS S.A.;"ALPA3
ALPA4";61.079.117/0001-05;ITAÚ CORRETORA DE AÇÕES
ALPER CONSULTORIA E CORRETORA DE SEGUROS S.A.;APER3;11.721.921/0001-60;BTG PACTUAL SERVIÇOS FINANCEIROS SA DTVM
ALPHAVILLE S.A.;"AVLL3
AVLL11";16.811.931/0001-00;BRADESCO
ALUPAR INVESTIMENTO S/A;"ALUP3
ALUP4
ALUP11";08.364.948/0001-38;ITAÚ CORRETORA DE AÇÕES
AMBEV S/A;ABEV3;07.526.557/0001-00;BRADESCO
AMBIPAR PARTICIPAÇÕES E EMPREENDIMENTOS S/A;AMBP3;12.648.266/0001-24;BRADESCO
AMERICANAS S.A.;AMER3;00.776.574/0001-56;ITAÚ UNIBANCO S.A.
AMPLA ENERGIA E SERVICOS S.A.;CBEE3;33.050.071/0001-58;BRADESCO
ANIMA HOLDING S.A.;ANIM3;09.288.252/0001-32;BRADESCO
AREZZO INDÚSTRIA E COMÉRCIO S.A.;ARZZ3;16.590.234/0001-76;ITAÚ CORRETORA DE AÇÕES
ARMAC LOCAÇÃO, SERVIÇOS E SERVIÇOS S.A.;ARML3;00.242.184/0001-04;ITAÚ CORRETORA DE AÇÕES
ATACADÃO S.A.;CRFB3;75.315.333/0001-09;ITAÚ CORRETORA DE AÇÕES
ATMA PARTICIPAÇÕES S.A.;ATMP3;04.032.433/0001-80;ITAÚ CORRETORA DE AÇÕES
ATOM EMPREENDIMENTOS E PARTICIPAÇÕES S.A.;ATOM3;00.359.742/0001-08;BRADESCO
AURA MINERALS INC.;AURA33;07.857.093/0001-14;BRADESCO
AUREN ENERGIA S.A.;AURE3;28.594.234/0001-23;ITAÚ CORRETORA DE AÇÕES
AZEVEDO E TRAVASSOS S.A.;"AZEV3
AZEV4
AZEV11
AZEV12";61.351.532/0001-68;ITAÚ CORRETORA DE AÇÕES
AZUL S.A.;AZUL4;09.305.994/0001-29;BRADESCO
B3 S.A. – BRASIL, BOLSA, BALCÃO;B3SA3;09.346.601/0001-25;BRADESCO
BAHEMA EDUCAÇÃO S.A.;BAHI3;45.987.245/0001-92;ITAÚ CORRETORA DE AÇÕES
BANCO ABC BRASIL S.A.;"ABCB4
ABCB10";28.195.667/0001-06;ITAÚ CORRETORA DE AÇÕES
BANCO ALFA DE INVESTIMENTO S.A.;"BRIV3
BRIV4";60.770.336/0001-65;SANTANDER
BANCO BMG S.A.;BMGB4;61.186.680/0001-74;ITAÚ CORRETORA DE AÇÕES
BANCO BRADESCO S.A.;"BBDC3
BBDC4";60.746.948/0001-12;BRADESCO
BANCO BTG PACTUAL S.A.;"BPAC3
BPAC5
BPAC11";30.306.294/0001-45;BRADESCO
BANCO AMAZÔNIA S.A.;BAZA3;04.902.979/0001-44;BRADESCO
BANCO DE BRASILIA S.A. – BRB;"BSLI3
BSLI4";00.000.208/0001-00;BRB
BANCO DO BRASIL S.A.;"BBAS11
BBAS12
BBAS3";00.000.000/0001-91;BANCO DO BRASIL
BANCO DO ESTADO DE SERGIPE S.A. – BANESE;"BGIP3
BGIP4";13.009.717/0001-46;BANESE
BANCO ESTADO DO PARÁ S.A. – BANPARA;BPAR3;04.913.711/0001-08;BRADESCO
BANCO DO ESTADO DO RIO GRANDE DO SUL S.A. – BANRISUL;"BRSR3
BRSR5
BRSR6";92.702.067/0001-96;BANRISUL
BANCO DO NORDESTE DO BRASIL S.A.;BNBR3;07.237.373/0001-20;BANCO DO NORDESTE DO BRASIL S.A.
BANCO INTER S.A.;"BIDI3
BIDI4
BIDI11";00.416.968/0001-01;BRADESCO
BANCO MERCANTIL DE INVESTIMENTOS S.A.;"BMIN3
BMIN4";34.169.557/0001-72;BANCO MERCANTIL DO BRASIL S.A.
BANCO MERCANTIL DO BRASIL S.A.;"BMEB3
BMEB4";17.184.037/0001-10;BANCO MERCANTIL DO BRASIL S.A.
BANCO MODAL S.A.;"MODL3
MODL4
MODL11";30.723.886/0001-62;ITAÚ CORRETORA DE AÇÕES
BANCO PAN;"BPAN4
BPAN12";59.285.411/0001-13;BTG PACTUAL SERVIÇOS FINANCEIROS SA DTVM
BANCO PINE S.A.;"PINE3
PINE4
PINE11";62.144.175/0001-20;ITAÚ CORRETORA DE AÇÕES
BANCO SANTANDER (BRASIL) S.A.;"SANB3
SANB4
SANB11";90.400.888/0001-42;SANTANDER
BANESTES S.A. – BANCO ESTADUAL DO ESPÍRITO SANTO;"BEES3
BEES4";28.127.603/0001-78;ITAÚ CORRETORA DE AÇÕES
BARDELLA S.A. INDÚSTRIAS MECÂNICAS;"BDLL3
BDLL4";60.851.615/0001-53;ITAÚ CORRETORA DE AÇÕES
BAUMER S.A.;"BALM3
BALM4";61.374.161/0001-30;ITAÚ CORRETORA DE AÇÕES
BB SEGURIDADE PARTICIPAÇÕES S.A.;BBSE3;17.344.597/0001-94;BANCO DO BRASIL
BBM LOGÍSTICA S.A.;BBML3;01.107.327/0001-20;ITAÚ CORRETORA DE AÇÕES
BEMOBI MOBILE TECH S.A.;BMOB3;09.042.817/0001-05;ITAÚ CORRETORA DE AÇÕES
BETAPART PARTICIPAÇÕES S.A.;BETP3;02.762.124/0001-30;ITAÚ CORRETORA DE AÇÕES
BICICLETAS MONARK S.A.;BMKS3;56.992.423/0001-90;BRADESCO
BIOMM S.A.;"BIOM3
BIOM11
BIOM12
BIOM13
BIOM14";04.752.991/0001-10;ITAÚ CORRETORA DE AÇÕES
BK BRASIL OPERAÇÕES E ASSESSORIA A RESTAURANTES SA;BKBR3;13.574.594/0001-96;ITAÚ CORRETORA DE AÇÕES
BLAU FARMACÊUTICA S.A.;BLAU3;58.430.828/0001-60;ITAÚ CORRETORA DE AÇÕES
BOA SAFRA SEMENTES S.A.;SOJA3;10.807.374/0001-77;ITAÚ CORRETORA DE AÇÕES
BOA VISTA SERVIÇOS S.A.;BOAS3;11.725.176/0001-27;ITAÚ CORRETORA DE AÇÕES
BOMBRIL S.A.;"BOBR3
BOBR4";50.564.053/0001-03;BRADESCO
BR ADVISORY PARTNERS PARTICIPAÇÕES S.A.;BRBI11;10.739.356/0001-03;ITAÚ CORRETORA DE AÇÕES
BR MALLS PARTICIPAÇÕES S.A.;BRML3;06.977.745/0001-91;ITAÚ CORRETORA DE AÇÕES
BR PROPERTIES S.A.;BRPR3;06.977.751/0001-49;ITAÚ CORRETORA DE AÇÕES
BRADESPAR S.A.;"BRAP3
BRAP4";03.847.461/0001-92;BRADESCO
BRASIL BROKERS PARTICIPAÇÕES S.A.;BBRK3;08.613.550/0001-98;ITAÚ CORRETORA DE AÇÕES
BRASILAGRO – COMPANHIA BRASILEIRA DE PROPRIEDADES AGRÍCOLAS;AGRO3;07.628.528/0001-59;ITAÚ CORRETORA DE AÇÕES
BRASKEM S.A.;"BRKM3
BRKM5
BRKM6";42.150.391/0001-70;ITAÚ CORRETORA DE AÇÕES
BRF S.A.;BRFS3;01.838.723/0001-27;ITAÚ CORRETORA DE AÇÕES
BRISANET PARTICIPAÇÕES S.A.;BRIT3;19.796.586/0001-70;BRADESCO
BRQ SOLUÇÕES EM INFORMÁTICA S.A.;BRQB3;36.542.025/0001-64;BRADESCO
CABINDA PARTICIPAÇÕES S.A.;CABI3;04.030.182/0001-02;CABINDA PARTICIPAÇÕES S.A.
CAIXA SEGURIDADE PARTICIPAÇÕES S.A.;CXSE3;22.543.331/0001-00;BRADESCO
CAMBUCI S.A.;CAMB3;61.088.894/0001-08;ITAÚ CORRETORA DE AÇÕES
CAMIL ALIMENTOS S.A.;CAML3;64.904.295/0001-03;BRADESCO
CCR S.A.;CCRO3;02.846.056/0001-97;ITAÚ CORRETORA DE AÇÕES
C&A MODAS S.A.;CEAB3;45.242.914/0001-05;BRADESCO
CEMEPE INVESTIMENTOS S.A.;"MAPT3
MAPT4";93.828.986/0001-73;ITAÚ CORRETORA DE AÇÕES
CENTRAIS ELÉTRICAS BRASILEIRAS S.A. – ELETROBRAS ;"ELET3
ELET5
ELET6";00.001.180/0001-26;BRADESCO
CENTRAIS ELÉTRICAS DE SANTA CATARINA S.A.;"CLSC3
CLSC4";83.878.892/0001-55;ITAÚ CORRETORA DE AÇÕES
CENTRO DE IMAGEM DIAGNÓSTICOS S.A.;AALR3;42.771.949/0001-35;ITAÚ CORRETORA DE AÇÕES
CIA SIDERURGICA NACIONAL;CSNA3;33.042.730/0001-04;BRADESCO
CIA FERRO LIGAS DA BAHIA – FERBASA;"FESA3
FESA4";15.141.799/0001-03;ITAÚ CORRETORA DE AÇÕES
CIA GÁS DE SÃO PAULO – COMGAS;"CGAS3
CGAS5";61.856.571/0001-17;ITAÚ CORRETORA DE AÇÕES
CIA HABITASUL DE PARTICIPAÇÕES;"HBTS3
HBTS5
HBTS6";87.762.563/0001-03;HABITASUL
CIA INDUSTRIAL CATAGUASES;"CATA3
CATA4";19.526.748/0001-50;CATAGUASES
CIA MELHORAMENTOS DE SÃO PAULO;"MSPA3
MSPA4";60.730.348/0001-66;BRADESCO
CIA TECIDOS NORTE DE MINAS – COTEMINAS;"CTNM3
CTNM4";22.677.520/0001-76;COTEMINAS
CIA TECIDOS SANTANENSE;"CTSA3
CTSA4";21.255.567/0001-89;SANTANENSE
CIELO S.A.;CIEL3;01.027.058/0001-91;BRADESCO
CIMS S.A.;"CMSA3
CMSA4";00.272.185/0001-93;BRADESCO
CLEAR SALE S.A.;CLSA3;03.802.115/0001-98;ITAÚ CORRETORA DE AÇÕES
CM HOSPITALAR S.A.;VVEO3;12.420.164/0001-57;ITAÚ CORRETORA DE AÇÕES
COGNA EDUCAÇÃO S.A.;COGN3;02.800.026/0001-40;BRADESCO
COMERC PARTICIPAÇÕES S.A.;COMR3;25.369.840/0001-57;ITAÚ CORRETORA DE AÇÕES
COMPANHIA BRASILEIRA DE ALUMÍNIO;CBAV3;61.409.892-0001-73;ITAÚ CORRETORA DE AÇÕES
COMPANHIA BRASILEIRA DE DISTRIBUIÇÃO;PCAR3;47.508.411/0001-56;ITAÚ CORRETORA DE AÇÕES
COMPANHIA DE ELETRICIDADE EST. DA BAHIA – COELBA;"CEEB3
CEEB5
CEEB36";15.139.629/0001-94;ITAÚ CORRETORA DE AÇÕES
COMPANHIA CATARINENSE DE ÁGUAS E SANEAMENTO – CASAN;"CASN3
CASN4";82.508.433/0001-17;ITAÚ CORRETORA DE AÇÕES
COMPANHIA CELG DE PARTICIPAÇÕES – CELGPAR;GPAR3;08.560.444/0001-93;ITAÚ CORRETORA DE AÇÕES
COMPANHIA DE SANEAMENTO BÁSICO DO ESTADO DE SÃO PAULO – SABESP;SBSP3;43.776.517/0001-80;BRADESCO
COMPANHIA DE SANEAMENTO DE MINAS GERAIS – COPASA MG ;CSMG3;17.281.106/0001-03;BRADESCO
COMPANHIA DE SANEAMENTO DO PARANÁ – SANEPAR;"SAPR3
SAPR4
SAPR11";76.484.013/0001-45;BRADESCO
COMPANHIA DISTRIBUIDORA DE GÁS DO RIO DE JANEIRO – CEG;CEGR3;33.938.119/0001-69;ITAÚ CORRETORA DE AÇÕES
COMPANHIA ENERGÉTICA DE BRASÍLIA;"CEBR3
CEBR5
CEBR6";00.070.698/0001-11;BRADESCO
COMPANHIA ENERGÉTICA DE MINAS GERAIS – CEMIG;"CMIG3
CMIG4";17.155.730/0001-64;ITAÚ CORRETORA DE AÇÕES
COMPANHIA ENERGÉTICA DE SÃO PAULO – CESP;"CESP3
CESP5
CESP6";60.933.603/0001-78;ITAÚ CORRETORA DE AÇÕES
COMPANHIA ENERGÉTICA DO CEARÁ – COELCE;"COCE3
COCE5
COCE6";07.047.251/0001-70;ITAÚ CORRETORA DE AÇÕES
COMPANHIA ENERGÉTICA DO RIO GRANDE DO NORTE – COSERN;"CSRN3
CSRN5
CSRN6";08.324.196/0001-81;ITAÚ CORRETORA DE AÇÕES
COMPANHIA ESTADUAL DE DISTRIBUIIÇÃO DE ENERGIA ELÉTRICA – CEEE-D;"CEED3
CEED4";08.467.115/0001-00;ITAÚ CORRETORA DE AÇÕES
COMPANHIA ESTADUAL DE TRANSMISSÃO DE ENERGIA ELÉTRICA – CEEE-T;"EEEL3
EEEL4";92.715.812/0001-31;ITAÚ CORRETORA DE AÇÕES
COMPANHIA FIAÇÃO TECIDOS CEDRO CACHOEIRA;"CEDO3
CEDO4";17.245.234/0001-00;BRADESCO
COMPANHIA LOCAÇÃO DAS AMÉRICAS;LCAM3;10.215.988/0001-60;ITAÚ CORRETORA DE AÇÕES
COMPANHIA PARAENSE DE ENERGIA – COPEL;"CPLE3
CPLE5
CPLE6";76.483.817/0001-20;ITAÚ CORRETORA DE AÇÕES
COMPANHIA TRANSMISSÃO DE ENERGIA ELÉTRICA PAULISTA – CTEEP;"TRPL3
TRPL4";02.998.611/0001-04;ITAÚ CORRETORA DE AÇÕES
COMPASS GÁS E ENERGIA S.A.;"PASS3
PASS5
PASS6";21.389.501/0001-81;ITAÚ CORRETORA DE AÇÕES
CONCESSIONÁRIA RIO-TERESÓPOLIS S.A.;"CRTE3
CRTE5";00.938.574/0001-05;CONCESSIONÁRIA RIO-TERESÓPOLIS
CONSERVAS ODERICH S.A.;"ODER3
ODER4";97.191.902/0001-94;CONSERVAS ODERICH
CONSÓRCIO ALFA DE ADMINISTRAÇÃO S.A.;"BRGE3
BRGE5
BRGE6
BRGE7
BRGE8
BRGE11
BRGE12";17.193.806/0001-46;SANTANDER
CONSTRUTORA ADOLPHO LINDENBERG S.A.;"CALI3
CALI11";61.022.042/0001-18;ITAÚ CORRETORA DE AÇÕES
CONSTRUTORA TENDA S.A.;TEND3;71.476.527/0001-35;ITAÚ CORRETORA DE AÇÕES
COSAN S.A.;CSAN3;50.746.577/0001-15;ITAÚ CORRETORA DE AÇÕES
CPFL ENERGIA S.A.;CPFE3;02.429.144/0001-93;BANCO DO BRASIL
CREDITAQUI FINANCEIRA S.A. – CRÉDITO FINANCIAMENTO;"MERC3
MERC4";33.040.601/0001-87;BANCO MERCANTIL DO BRASIL S.A.
CRUZEIRO DO SUL EDUCACIONAL S.A.;CSED3;62.984.091/0001-02;BRADESCO
CSN MINERAÇÃO S.A.;CMIN3;08.902.291/0001-15;BRADESCO
CSU CARDSYSTEM S.A.;CARD3;01.896.779/0001-38;ITAÚ CORRETORA DE AÇÕES
CTC – CENTRO DE TECNOLOGIA CANAVIEIRA S.A.;CTCA3;06.981.381/0001-13;ITAÚ CORRETORA DE AÇÕES
CURY CONSTRUTORA E INCORPORADORA S.A.;CURY3;08.797.760/0001-83;ITAÚ CORRETORA DE AÇÕES
CVC BRASIL OPERADORA E AGÊNCIA DE VIAGENS S.A.;CVCB3;10.760.260/0001-19;BRADESCO
CVLB BRASIL S.A.;LLBI3;16.233.389/0001-55;ITAÚ CORRETORA DE AÇÕES
CYRELA BRAZIL REALTY S.A. EMPREENDIMENTOS E PARTICIPAÇÕES;CYRE3;73.178.600/0001-18;BRADESCO
D1000 VAREJO FARMA PARTICIPAÇÕES S.A.;DMVF3;12.108.897/0001-50;BRADESCO
DESKTOP – SIGMANET COMUNICAÇÃO MULTIMÍDIA S.A.;DESK3;08.170.849/0001-15;ITAÚ CORRETORA DE AÇÕES
DEXCO S.A.;DXCO3;97.837.181/0001-47;ITAÚ CORRETORA DE AÇÕES
DEXXOS PARTICIPAÇÕES S.A.;"DEXP3
DEXP4";02.193.750/0001-52;ITAÚ CORRETORA DE AÇÕES
DIAGNÓSTICOS DA AMÉRICA S.A.;DASA3;61.486.650/0001-83;ITAÚ CORRETORA DE AÇÕES
DIMED S.A. DISTRIBUIDORA DE MEDICAMENTOS;PNVL3;92.665.611/0001-77;BRADESCO
DIRECIONAL ENGENHARIA S.A.;DIRR3;16.614.075/0001-00;BRADESCO
DM FINANCEIRA S.A. – CRÉDITO, FINANCINANCIAMENTO E INVESTIMENTO;DMFN3;91.669.747/0001-92;BANCO DO BRASIL
DOHLER S.A.;"DOHL3
DOHL4";84.683.408/0001-03;BRADESCO
DOTZ S.A.;DOTZ3;18.174.270/0001-84;ITAÚ CORRETORA DE AÇÕES
DTCOM – DIRECT TO COMPANY S.A;"DTCY3
DTCY4";03.303.999/0001-36;BRADESCO
ECORODOVIAS INFRAESTRUTURA E LOGÍSTICA S.A.;ECOR3;04.149.454/0001-80;ITAÚ CORRETORA DE AÇÕES
EDP – ENERGIAS DO BRASIL S.A.;ENBR3;03.983.431/0001-03;ITAÚ CORRETORA DE AÇÕES
ELECTRO ACO ALTONA S.A.;"EALT3
EALT4";82.643.537/0001-34;ITAÚ CORRETORA DE AÇÕES
ELEKTRO REDES S.A.;"EKTR3
EKTR4";02.328.280/0001-97;ITAÚ CORRETORA DE AÇÕES
ELETROBRÁS PARTICIPAÇÕES S.A. – ELETROPAR;LIPR3;01.104.937/0001-70;BRADESCO
ELETROMIDIA S.A.;ELMD3;09.347.516/0001-81;ITAÚ CORRETORA DE AÇÕES
EMBPAR PARTICIPACOES S.A.;EPAR3;42.331.462/0001-31;BRADESCO
EMBRAER S.A.;EMBR3;07.689.002/0001-89;ITAÚ CORRETORA DE AÇÕES
EMPREENDIMENTOS PAGUE MENOS S.A.;PGMN3;06.626.253/0001-51;ITAÚ CORRETORA DE AÇÕES
EMPRESA METROPOLITANA DE ÁGUAS E ENERGIA S.A. – EMAE;"EMAE3
EMAE4";02.302.101/0001-42;BRADESCO
ENAUTA PARTICIPAÇÕES S.A.;ENAT3;11.669.021/0001-10;ITAÚ CORRETORA DE AÇÕES
ENERGISA MATO GROSSO – DISTRIBUIDORA DE ENERGIA S/A;"ENMT3
ENMT4";03.467.321/0001-99;ITAÚ CORRETORA DE AÇÕES
ENERGISA S.A.;"ENGI3
ENGI4
ENGI11
ENGI12";00.864.214/0001-06;ITAÚ CORRETORA DE AÇÕES
ENEVA S.A.;ENEV3;04.423.567/0001-21;ITAÚ CORRETORA DE AÇÕES
ENGIE BRASIL ENERGIA S.A.;EGIE3;02.474.103/0001-19;ITAÚ CORRETORA DE AÇÕES
ENJOEI S.A.;ENJU3;16.922.038/0001-51;BRADESCO
EQUATORIAL ENERGIA S.A.;EQTL3;03.220.438/0001-73;ITAÚ CORRETORA DE AÇÕES
EQUATORIAL PARÁ DISTRIBUIDORA DE ENERGIA S.A.;"EQPA3
EQPA5
EQPA6
EQPA7";04.895.728/0001-80;ITAÚ CORRETORA DE AÇÕES
ETERNIT S.A.;ETER3;61.092.037/0001-81;ITAÚ CORRETORA DE AÇÕES
EUCATEX S.A. INDÚSTRIA E COMÉRCIO;"EUCA3
EUCA4";56.643.018/0001-66;BTG PACTUAL SERVIÇOS FINANCEIROS SA DTVM
EVEN CONSTRUTORA E INCORPORADORA S.A.;EVEN3;43.470.988/0001-65;ITAÚ CORRETORA DE AÇÕES
EXCELSIOR ALIMENTOS S.A.;"BAUH3
BAUH4";95.426.862/0001-97;ITAÚ CORRETORA DE AÇÕES
EZ TEC EMPREENDIMENTOS E PARTICIPAÇÕES S.A.;EZTC3;08.312.229/0001-73;ITAÚ CORRETORA DE AÇÕES
FERROVIA CENTRO-ATLÂNTICA S.A.;"VSPT3
VSPT4";00.924.429/0001-75;BRADESCO
FERTILIZANTES HERINGER S.A.;FHER3;22.266.175/0001-88;ITAÚ CORRETORA DE AÇÕES
FICA EMPREENDIMENTOS IMOBILIÁRIOS S.A;FIEI3;07.820.907/0001-46;ITAÚ CORRETORA DE AÇÕES
FINANCEIRA ALFA S.A.- CRED FINANC E INVS;"CRIV3
CRIV4";17.167.412/0001-13;SANTANDER
FLEURY S.A.;FLRY3;60.840.055/0001-31;BRADESCO
FOCUS ENERGIA HOLDING PARTICIPAÇÕES S.A.;POWE3;26.735.020/0001-02;BRADESCO
FRAS-LE S.A.;FRAS3;88.610.126/0001-29;ITAÚ CORRETORA DE AÇÕES
GAFISA S.A.;GFSA3;01.545.826/0001-07;ITAÚ CORRETORA DE AÇÕES
GAMA PARTICIPAÇÕES S.A.;OPGM3;02.796.775/0001-40;ITAÚ CORRETORA DE AÇÕES
GENERAL SHOPPING E OUTLETS DO BRASIL S.A.;GSHP3;08.764.621/0001-53;ITAÚ CORRETORA DE AÇÕES
GERDAU S.A.;"GGBR3
GGBR4";33.611.500/0001-19;ITAÚ CORRETORA DE AÇÕES
GETNINJAS S.A.;NINJ3;14.127.813/0001-51;ITAÚ CORRETORA DE AÇÕES
GOL LINHAS AÉREAS INTELIGENTES S.A.;"GOLL3
GOLL4
GOLL11
GOLL12
GOLL13";06.164.253/0001-87;ITAÚ CORRETORA DE AÇÕES
GPS PARTICIPAÇÕES E EMPREENDIMENTOS S.A.;GGPS3;09.229.201/0001-30;ITAÚ CORRETORA DE AÇÕES
GRANJA FARIA S.A.;EGGY3;81.616.807/0001-55;ITAÚ CORRETORA DE AÇÕES
GRAZZIOTIN S.A.;"CGRA3
CGRA4";92.012.467/0001-70;BRADESCO
GRENDENE S.A.;GRND3;89.850.341/0001-60;BRADESCO
GRUPO CASAS BAHIA S.A.;"BHIA3
BHIA12";33.041.260/0652-90;ITAÚ CORRETORA DE AÇÕES
GRUPO DE MODA SOMA S.A.;SOMA3;10.285.590/0001-08;ITAÚ CORRETORA DE AÇÕES
GRUPO MATEUS S.A.;GMAT3;24.990.777/0001-09;ITAÚ CORRETORA DE AÇÕES
GRUPO SBF SA;SBFG3;13.217.485/0001-11;BRADESCO
GUARARAPES CONFECÇÕES S.A.;GUAR3;08.402.943/0001-52;ITAÚ CORRETORA DE AÇÕES
HAGA S.A. INDÚSTRIA E COMERCIO;"HAGA3
HAGA4";30.540.991/0001-66;BRADESCO
HAPVIDA PARTICIPAÇÕES E INVESTIMENTOS SA;HAPV3;05.197.443/0001-38;ITAÚ CORRETORA DE AÇÕES
HBR REALTY EMPREENDIMENTOS IMOBILIÁRIOS S/A;HBRE3;14.785.152/0001-51;BRADESCO
HELBOR EMPREENDIMENTOS S.A.;HBOR3;49.263.189/0001-02;BRADESCO
HERCULES S.A. FÁBRICA DE TALHERES;"HETA3
HETA4";92.749.225/0001-63;BRADESCO
HIDROVIAS DO BRASIL S.A.;HBSA3;12.648.327/0001-53;ITAÚ CORRETORA DE AÇÕES
HMOBI PARTICIPAÇÕES S.A.;HMOB3;40.159.947/0001-64;ITAÚ CORRETORA DE AÇÕES
HOSPITAL MATER DEI S/A;MATD3;16.676.520/0001-59;ITAÚ CORRETORA DE AÇÕES
HOTEIS OTHON S.A.;"HOOT3
HOOT4";33.200.049/0001-47;ITAÚ CORRETORA DE AÇÕES
HUMBERG AGRIBRASIL COM. E EXPORT. DE GRÃOS S.A.;GRAO3;18.483.666/0001-03;HUMBERG AGRIBRASIL
HYPERA S.A.;HYPE3;02.932.074/0001-91;BRADESCO
IGUA SANEAMENTO S.A.;IGSN3;08.159.965/0001-33;ITAÚ CORRETORA DE AÇÕES
IGUATEMI S.A.;"IGTI3
IGTI4
IGTI11";60.543.816/0001-93;ITAÚ CORRETORA DE AÇÕES
INC EMPREENDIMENTOS IMOBILIÁRIOS S.A.;INNC3;09.611.768/0001-76;ITAÚ CORRETORA DE AÇÕES
INDÚSTRIAS ROMI S.A.;ROMI3;56.720.428/0001-63;BRADESCO
INEPAR S.A. INDÚSTRIA E CONSTRUÇÕES;"INEP3
INEP4";76.627.504/0001-06;BRADESCO
INFRACOMMERCE CXAAS S.A.;IFCM3;38.546.921/0001-36;ITAÚ CORRETORA DE AÇÕES
INSTITUTO HERMES PARDINI S.A.;PARD3;19.378.769/0001-76;ITAÚ CORRETORA DE AÇÕES
INTELBRAS S.A. INDÚSTRIA DE TELECOMUNICAÇÕES ELETRÔNICA BRASILEIRA;INTB3;82.901.000/0001-27;ITAÚ CORRETORA DE AÇÕES
INTERNATIONAL MEAL COMPANY ALIMENTAÇÃO S.A.;MEAL3;17.314.329/0001-20;ITAÚ CORRETORA DE AÇÕES
INVESTIMENTOS BEMGE S.A.;"FIGE3
FIGE4";01.548.981/0001-79;ITAÚ CORRETORA DE AÇÕES
IOCHPE MAXION S.A.;MYPK3;61.156.113/0001-75;ITAÚ CORRETORA DE AÇÕES
IRANI PAPEL E EMBALAGEM S.A.;RANI3;92.791.243/0001-03;ITAÚ CORRETORA DE AÇÕES
IRB – BRASIL RESSEGUROS S.A.;IRBR3;33.376.989/0001-91;BANCO DO BRASIL
ITAÚ UNIBANCO HOLDING S.A.;"ITUB3
ITUB4";60.872.504/0001-23;ITAÚ CORRETORA DE AÇÕES
ITAUSA S.A.;"ITSA3
ITSA4";61.532.644/0001-15;ITAÚ CORRETORA DE AÇÕES
JALLES MACHADO S.A.;JALL3;02.635.522/0001-95;ITAÚ CORRETORA DE AÇÕES
JBS S.A.;JBSS3;02.916.265/0001-60;BRADESCO
JHSF PARTICIPAÇÕES S.A.;JHSF3;08.294.224/0001-65;BRADESCO
JOÃO FORTES ENGENHARIA S.A.;JFEN3;33.035.536/0001-00;BRADESCO
JOSAPAR – JOAQUIM OLIVEIRA S.A. – PARTICIP;"JOPA3
JOPA4";87.456.562/0001-22;ITAÚ CORRETORA DE AÇÕES
JSL S.A.;JSLG3;52.548.435/0001-79;BRADESCO
KALLAS INCORPORAÇÕES E CONSTRUÇÕES S.A.;KLAS3;09.146.451/0001-06;ITAÚ CORRETORA DE AÇÕES
KARSTEN S.A.;"CTKA3
CTKA4";82.640.558/0001-04;BRADESCO
KEPLER WEBER S.A.;KEPL3;91.983.056/0001-69;ITAÚ CORRETORA DE AÇÕES
KLABIN S.A.;"KLBN3
KLBN4
KLBN11";89.637.490/0001-45;ITAÚ CORRETORA DE AÇÕES
KORA SAÚDE PARTICIPAÇÕES S.A.;KRSA3;13.270.520/0001-66;ITAÚ CORRETORA DE AÇÕES
LAVVI EMPREENDIMENTOS IMOBILIÁRIOS S.A.;LAVV3;26.462.693/0001-28;ITAÚ CORRETORA DE AÇÕES
LIFEMED INDUSTRIAL EQUIP. DE ART. MÉD. HOSP. S.A.;LMED3;02.357.251/0001-53;ITAÚ CORRETORA DE AÇÕES
LIGHT S.A.;LIGT3;03.378.521/0001-75;BRADESCO
LIVETECH DA BAHIA INDÚSTRIA E COMÉRCIO S/A;LVTC3;05.917.486/0001-40;BRADESCO
LOCALIZA RENT A CAR S.A.;RENT3;16.670.085/0001-55;BRADESCO
LOCAWEB SERVIÇOS DE INTERNET S.A.;LWSA3;02.351.877/0001-52;ITAÚ CORRETORA DE AÇÕES
LOG COMMERCIAL PROPERTIES;LOGG3;09.041.168/0001-10;BRADESCO
LOG-IN LOGÍSTICA INTERMODAL S.A.;LOGN3;42.278.291/0001-24;ITAÚ CORRETORA DE AÇÕES
LOJAS AMERICANAS S.A.;"LAME3
LAME4";33.014.556/0001-96;ITAÚ UNIBANCO S.A.
LOJAS QUERO-QUERO S.A.;LJQQ3;96.418.264/0218-02;ITAÚ CORRETORA DE AÇÕES
LOJAS RENNER S.A.;LREN3;92.754.738/0001-62;ITAÚ CORRETORA DE AÇÕES
LPS BRASIL – CONSULTORIA DE IMÓVEIS S.A.;LPSB3;08.078.847/0001-09;BRADESCO
LUPATECH S.A.;"LUPA3
LUPA11";89.463.822/0001-12;BRADESCO
M. DIAS BRANCO S.A. INDÚSTRIA E COMÉRCIO DE ALIMENTOS;MDIA3;07.206.816/0001-15;BRADESCO
MAESTRO LOCADORA DE VEÍCULOS S.A.;MSRO3;08.795.211/0001-70;ITAÚ CORRETORA DE AÇÕES
MAGAZINE LUIZA S.A.;MGLU3;47.960.950/0001-21;ITAÚ CORRETORA DE AÇÕES
MAHLE-METAL LEVE S.A.;LEVE3;60.476.884/0001-87;ITAÚ CORRETORA DE AÇÕES
MANGELS INDUSTRIAL S.A.;"MGEL3
MGEL4";61.065.298/0001-02;ITAÚ CORRETORA DE AÇÕES
MANUFATURA DE BRINQUEDOS ESTRELA S.A.;"ESTR3
ESTR4";61.082.004/0001-50;ESTRELA
MARCOPOLO S.A.;"POMO3
POMO4";88.611.835/0001-29;BRADESCO
MARFRIG GLOBAL FOODS S.A.;MRFG3;03.853.896/0001-40;BRADESCO
MARISA LOJAS S.A.;AMAR3;61.189.288/0001-89;BRADESCO
MÉLIUZ S.A.;CASH3;14.110.585/0001-07;ITAÚ CORRETORA DE AÇÕES
MELNICK DESENVOLVIMENTO IMOBILIÁRIO S.A.;MELK3;12.181.987/0001-77;ITAÚ CORRETORA DE AÇÕES
METALFRIO SOLUTIONS S.A.;FRIO3;04.821.041/0001-08;ITAÚ CORRETORA DE AÇÕES
METALÚRGICA GERDAU S.A.;"GOAU3
GOAU4";92.690.783/0001-09;ITAÚ CORRETORA DE AÇÕES
METALÚRGICA RIOSULENSE S.A.;"RSUL3
RSUL4";85.778.074/0001-06;BRADESCO
METISA METALURGICA TIMBOENSE S.A.;"MTSA3
MTSA4";86.375.425/0001-09;ITAÚ CORRETORA DE AÇÕES
MILLS ESTRUTURAS E SERVIÇOS DE ENGENHARIA S.A.;MILS3;27.093.558/0001-15;ITAÚ CORRETORA DE AÇÕES
MINASMAQUINAS S.A.;"MMAQ3
MMAQ4";17.161.241/0001-15;MINASMAQUINAS
MINERVA S.A.;"BEEF3
BEEEF11";67.620.377/0001-14;ITAÚ CORRETORA DE AÇÕES
MINUPAR PARTICIPACOES S.A.;MNPR3;90.076.886/0001-40;ITAÚ CORRETORA DE AÇÕES
MITRE REALTY EMPREENDIMENTOS E PARTICIPAÇÕES S.A.;MTRE3;07.882.930/0001-65;ITAÚ CORRETORA DE AÇÕES
MOBLY S.A.;MBLY3;31.553.627/0001-01;ITAÚ CORRETORA DE AÇÕES
MONTEIRO ARANHA S.A.;MOAR3;33.102.476/0001-92;ITAÚ CORRETORA DE AÇÕES
MOSAICO TECNOLOGIA AO CONSUMIDOR S.A.;MOSI3;09.083.175/0001-84;ITAÚ CORRETORA DE AÇÕES
MOURA DUBEUX ENGENHARIA S/A;MDNE3;12.049.631/0001-84;ITAÚ CORRETORA DE AÇÕES
MOVIDA PARTICIPAÇÕES S.A.;MOVI3;21.314.559/0001-66;BRADESCO
MPM CORPÓREOS S.A.;ESPA3;26.659.061/0001-59;ITAÚ CORRETORA DE AÇÕES
MRV ENGENHARIA E PARTICIPAÇÕES S.A.;MRVE3;08.343.492/0001-20;BRADESCO
MULTILASER INDUSTRIAL S.A.;MLAS3;59.717.553/0001-02;ITAÚ CORRETORA DE AÇÕES
MULTIPLAN – EMPREENDIMENTOS IMOBILIÁRIOS S.A.;MULT3;07.816.890/0001-53;ITAÚ CORRETORA DE AÇÕES
MUNDIAL S.A. – PRODUTOS DE CONSUMO;MNDL3;88.610.191/0001-54;BRADESCO
NATURA & CO HOLDING S.A.;NTCO3;32.785.497/0001-97;ITAÚ CORRETORA DE AÇÕES
NEOENERGIA S.A.;NEOE3;01.083.200/0001-18;ITAÚ CORRETORA DE AÇÕES
NEOGRID PATICIPAÇÕES S.A.;NGRD3;10.139.870/0001-08;ITAÚ CORRETORA DE AÇÕES
NEXPE PARTICIPAÇÕES S.A;NEXP3;08.613.550/0001-98;ITAÚ CORRETORA DE AÇÕES
NORDON INDÚSTRIAS METALÚRGICAS S.A.;NORD3;60.884.319/0001-59;BRADESCO
NORTEC QUÍMICA S.A.;NRTQ3;29.950.060/0001-57;ITAÚ CORRETORA DE AÇÕES
NOTRE DAME INTERMÉDICA PARTICIPAÇÕES S.A.;GNDI3;19.853.511/0001-84;ITAÚ CORRETORA DE AÇÕES
NUTRIPLANT INDÚSTRIA E COMÉRCIO S.A.;NUTR3;51.128.999/0001-90;BRADESCO
OCEANPACT SERVIÇOS MARÍTIMOS S.A.;OPCT3;09.114.805/0001-30;ITAÚ CORRETORA DE AÇÕES
ODONTOPREV S.A.;ODPV3;58.119.199/0001-51;BRADESCO
OI S.A.;"OIBR3
OIBR4";76.535.764/0001-43;BANCO DO BRASIL
OMEGA GERAÇÃO S.A.;OMGE3;09.149.503/0001-06;ITAÚ CORRETORA DE AÇÕES
ONCOCLÍNICAS DO BRASIL SERVIÇOS MÉDICOS S.A.;ONCO3;12.104.241/0004-02;ITAÚ CORRETORA DE AÇÕES
ORIZON VALORIZAÇÃO DE RESÍDUOS S.A.;ORVR3;11.421.994/0001-36;BANCO DO BRASIL
OSX BRASIL S.A.;OSXB3;09.112.685/0001-32;ITAÚ CORRETORA DE AÇÕES
OURO FINO SAÚDE ANIMAL PARTICIPAÇÕES S.A.;OFSA3;20.258.278/0001-70;BRADESCO
PADTEC HOLDING S.A.;PDTC3;02.365.069/0001-44;ITAÚ CORRETORA DE AÇÕES
PANATLANTICA S.A.;"PATI3
PATI4";92.693.019/0001-89;ITAÚ CORRETORA DE AÇÕES
PARANAPANEMA S.A.;PMAM3;60.398.369/0004-79;BRADESCO
PBG S/A – PORTOBELLO;PTBL3;83.475.913/0001-91;ITAÚ CORRETORA DE AÇÕES
PETTENATI S.A. INDÚSTRIA TÊXTIL;"PTNT3
PTNT4";88.613.658/0001-10;ITAÚ CORRETORA DE AÇÕES
PETRÓLEO BRASILEIRO S.A. PETROBRAS;"PETR3
PETR4";33.000.167/0001-01;BRADESCO
PDG REALTY S.A. EMPREENDIMENTOS E PARTICIPAÇÕES;PDGR3;02.950.811/0001-89;ITAÚ CORRETORA DE AÇÕES
PET CENTER COMÉRCIO E PARTICIPAÇÕES S.A.;PETZ3;18.328.118/0001-09;ITAÚ CORRETORA DE AÇÕES
PETRORECÔNCAVO S.A.;RECV3;03.342.704/0001-30;ITAÚ CORRETORA DE AÇÕES
PLANO E PLANO DESENVOLVIMENTO IMOBILIÁRIO S.A.;PLPL3;24.230.275/0001-80;ITAÚ CORRETORA DE AÇÕES
PLASCAR PARTICIPAÇÕES INDUSTRIAIS S.A.;PLAS3;51.928.174/0001-50;ITAÚ CORRETORA DE AÇÕES
POLPAR S.A.;PPAR3;59.789.545/0001-71;ITAÚ CORRETORA DE AÇÕES
POMIFRUTAS S/A;FRTA3;86.550.951/0001-50;POMI FRUTAS S.A.
PORTO SEGURO S.A.;PSSA3;02.149.205/0001-69;ITAÚ CORRETORA DE AÇÕES
PORTO SUDESTE V.M. S.A.;PSVM11;18.494.485/0001-82;ITAÚ CORRETORA DE AÇÕES
POSITIVO TECNOLOGIA S.A.;POSI3;81.243.735/0001-48;ITAÚ CORRETORA DE AÇÕES
PRATICA PRODUTOS S.A.;PTCA3;08.574.411/0001-00;BRADESCO
PRINER SERVIÇOS INDUSTRIAIS S.A.;PRNR3;18.593.815/0001-97;ITAÚ CORRETORA DE AÇÕES
PRIO S.A. – PETRORIO;PRIO3;10.629.105/0001-68;BANCO DO BRASIL
PROFARMA DISTRIBUIDORA DE PRODUTOS FARMACÊUTICOS S.A.;PFRM3;45.453.214/0001-51;ITAÚ CORRETORA DE AÇÕES
QUALICORP CONSULTORIA E CORRETORA DE SEGUROS S.A.;QUAL3;11.992.680/0001-93;BRADESCO
QUALITY SOFTWARE S.A.;QUSW3;35.791.391/0001-94;BRADESCO
RAIA DROGASIL S.A.;RADL3;61.585.865/0001-51;ITAÚ CORRETORA DE AÇÕES
RAIZEN S.A.;RAIZ4;33.453.598/0001-23;BTG PACTUAL SERVIÇOS FINANCEIROS SA DTVM
RANDON S.A. IMPLEMENTOS E PARTICIPAÇÕES;"RAPT3
RAPT4";89.086.144/0001-16;ITAÚ CORRETORA DE AÇÕES
RECRUSUL S.A.;"RCSL3
RCSL4";91.333.666/0001-17;ITAÚ CORRETORA DE AÇÕES
REDE DOR SÃO LUIZ S.A.;RDOR3;06.047.087/0001-39;ITAÚ CORRETORA DE AÇÕES
REDE ENERGIA PARTICIPAÇÕES S.A.;REDE3;61.584.140/0001-49;ITAÚ CORRETORA DE AÇÕES
REFINARIA DE PETRÓLEOS MANGUINHOS S.A.;RPMG3;33.412.081/0001-96;BANCO DO BRASIL
RENOVA ENERGIA S.A.;"RNEW3
RNEW4
RNEW11";08.534.605/0001-74;ITAÚ CORRETORA DE AÇÕES
RESTOQUE COMÉRCIO E CONFECÇÕES DE ROUPAS S.A.;LLIS3;49.669.856/0001-43;ITAÚ CORRETORA DE AÇÕES
RIO PARANAPANEMA ENERGIA S.A.;"GEPA3
GEPA4";02.998.301/0001-81;ITAÚ CORRETORA DE AÇÕES
RNI NEGÓCIOS IMOBILIÁRIOS S.A.;RDNI3;67.010.660/0001-24;BRADESCO
RODOBENS S.A;RBNS11;59.981.829/0001-65;ITAÚ CORRETORA DE AÇÕES
ROMI S.A.;ROMI3;56.720.428/0001-63;BRADESCO
ROSSI RESIDENCIAL S.A.;RSID3;61.065.751/0001-80;BRADESCO
RUMO S.A.;RAIL3;02.387.241/0001-60;ITAÚ CORRETORA DE AÇÕES
SAFIRA HOLDING S.A.;SAEN3;13.522.948/0001-59;ITAÚ CORRETORA DE AÇÕES
SANSUY S.A. INDÚSTRIA DE PLÁSTICOS;"SNSY3
SNSY5
SNSY6";14.807.945/0001-24;SANSUY
SANTOS BRASIL PARTICIPAÇÕES S.A.;STBP3;02.762.121/0001-04;ITAÚ CORRETORA DE AÇÕES
SÃO CARLOS EMPREENDIMENTOS E PARTICIPAÇÕES S.A.;SCAR3;29.780.061/0001-09;ITAÚ CORRETORA DE AÇÕES
SÃO MARTINHO S.A.;SMTO3;51.466.860/0001-56;BRADESCO
SÃO PAULO TURISMO S.A.;"AHEB3
AHEB5
AHEB6";62.002.886/0001-60;ITAÚ CORRETORA DE AÇÕES
SARAIVA LIVREIROS S.A.;"SLED3
SLED4
SLED11";60.500.139/0001-26;ITAÚ CORRETORA DE AÇÕES
SENDAS DISTRIBUIDORA S.A.;ASAI3;06.057.223/0001-71;ITAÚ CORRETORA DE AÇÕES
SEQUOIA LOGÍSTICA E TRANSPORTES S.A.;SEQL3;01.599.101/0001-93;ITAÚ CORRETORA DE AÇÕES
SER EDUCACIONAL S.A.;SEER3;04.986.320/0001-13;ITAÚ CORRETORA DE AÇÕES
SERENA ENERGIA S.A.;SRNA3;42.500.384/0001-51;ITAÚ CORRETORA DE AÇÕES
SCHULZ S.A.;"SHUL3
SHUL4";84.693.183/0001-68;BRADESCO
SIDERÚRGICA J. L. ALIPERTI S.A.;"APTI3
APTI4";61.156.931/0001-78;BRADESCO
SIMPAR S.A.;SIMH3;07.415.333/0001-20;BRADESCO
SINQIA S.A.;SQIA3;04.065.791/0001-99;BRADESCO
SLC AGRÍCOLA S.A.;SLCE3;89.096.457/0001-55;ITAÚ CORRETORA DE AÇÕES
SMARTFIT ESCOLA DE GINÁSTICA E DANÇA S.A.;SMFT3;07.594.978/0001-79;ITAÚ CORRETORA DE AÇÕES
SONDOTÉCNICA ENGENHARIA SOLOS S.A.;"SOND3
SOND5
SOND6";33.386.210/0001-19;ITAÚ CORRETORA DE AÇÕES
SPRINGS GLOBAL PARTICIPAÇÕES S.A.;SGPS3;07.718.269/0001-57;ITAÚ CORRETORA DE AÇÕES
SUDESTE S.A.;OPSE3;02.062.747/0001-08;ITAÚ CORRETORA DE AÇÕES
SUL 116 PARTICIPAÇÕES S.A.;OPTS3;01.957.772/0001-89;ITAÚ CORRETORA DE AÇÕES
SUL AMÉRICA S.A.;"SULA3
SULA4
SULA11";29.978.814/0001-87;ITAÚ CORRETORA DE AÇÕES
SUZANO HOLDING S.A.;"NEMO3
NEMO5
NEMO6";60.651.809/0001-05;ITAÚ CORRETORA DE AÇÕES
SUZANO S.A.;SUZB3;16.404.287/0001-55;ITAÚ CORRETORA DE AÇÕES
SYN PROP E TECH S.A.;SYNE3;08.801.621/0001-86;BRADESCO
T4F ENTRETENIMENTO S.A. – TIME FOR FUN;SHOW3;02.860.694/0001-62;BRADESCO
TAURUS ARMAS S.A.;"TASA3
TASA4";92.781.335/0001-02;ITAÚ CORRETORA DE AÇÕES
TC TRADERS CLUB S.A.;TRAD3;26.345.998/0001-50;ITAÚ CORRETORA DE AÇÕES
TECHNOS S.A.;TECN3;09.295.063/0001-97;ITAÚ CORRETORA DE AÇÕES
TECNISA S.A.;TCSA3;08.065.557/0001-12;ITAÚ CORRETORA DE AÇÕES
TEGMA GESTÃO LOGÍSTICA S.A.;TGMA3;02.351.144/0001-18;ITAÚ CORRETORA DE AÇÕES
TEGRA INCORPORADORA S.A.;TEGA3;30.213.493/0001-09;ITAÚ CORRETORA DE AÇÕES
TEKA – TECELAGEM KUEHNRICH S.A.;"TEKA3
TEKA4";82.636.986/0001-55;BRADESCO
TEKNO S.A. – INDÚSTRIA E COMÉRCIO;"TKNO3
TKNO4";33.467.572/0001-34;ITAÚ CORRETORA DE AÇÕES
TELEC BRASILEIRAS S.A. – TELEBRAS;"TELB3
TELB4";00.336.701/0001-04;BRADESCO
TELEFÔNICA BRASIL S.A;VIVT3;02.558.157/0001-62;BRADESCO
TERMINAL GARAGEM MENEZES CORTES S.A.;MNZC3;02.664.042/0001-52;MENEZES CORTES
TERRA SANTA PROPRIEDADES AGRÍCOLAS S.A.;LAND3;40.337.136/0001-06;ITAÚ CORRETORA DE AÇÕES
TÊXTIL RENAUXVIEW S.A.;"TXRX3
TXRX4";82.982.075/0001-80;BRADESCO
TIM S.A.;TIMS3;02.421.421/0001-11;BRADESCO
TOTVS S.A.;TOTS3;53.113.791/0001-22;ITAÚ CORRETORA DE AÇÕES
TPI – TRIUNFO PARTICIPAÇÕES E INVESTIMENTOS S.A.;TPIS3;03.014.553/0001-91;ITAÚ CORRETORA DE AÇÕES
TRACK & FIELDS CO S.A.;TFCO4;59.418.806/0001-47;ITAÚ CORRETORA DE AÇÕES
TRANSMISSORA ALIANÇA DE ENERGIA ELÉTRICA S.A – TAESA;"TAEE3
TAEE4
TAEE11";07.859.971/0001-30;ITAÚ CORRETORA DE AÇÕES
TRÊS TENTOS AGROINDUSTRIAL S/A;TTEN3;94.813.102/0001-70;BRADESCO
TREVISA INVESTIMENTOS S.A.;"LUXM3
LUXM4";92.660.570/0001-26;ITAÚ CORRETORA DE AÇÕES
TRISUL S.A.;TRIS3;08.811.643/0001-27;BRADESCO
TRONOX PIGMENTOS DO BRASIL S.A.;"CRPG3
CRPG5
CRPG6";15.115.504/0001-24;ITAÚ CORRETORA DE AÇÕES
TUPY S.A.;TUPY3;84.683.374/0001-49;BRADESCO
ULTRAPAR PARTICIPAÇÕES S.A.;UGPA3;33.256.439/0001-39;BRADESCO
UNICASA INDÚSTRIA DE MÓVEIS S.A.;UCAS3;90.441.460/0001-48;BRADESCO
UNIFIQUE TELECOMUNICAÇÕES S.A.;FIQE3;02.255.187/0001-08;BRADESCO
UNIPAR CARBOCLORO S.A.;"UNIP3
UNIP5
UNIP6";33.958.695/0001-78;ITAÚ CORRETORA DE AÇÕES
UPTICK PARTICIPAÇÕES S.A.;UPKP3;02.162.616/0001-94;ITAÚ CORRETORA DE AÇÕES
USINAS SID DE MINAS GERAIS S.A. – USIMINAS ;"USIM3
USIM5
USIM6";60.894.730/0001-05;BRADESCO
VALE S.A.;VALE3;33.592.510/0001-54;BRADESCO
VALID SOLUÇÕES S.A.;VLID3;33.113.309/0001-47;BANCO DO BRASIL
VAMOS LOCAÇÃO DE CAMINHÕES, MÁQUINAS E EQUIPAMENTOS S.A.;VAMO3;23.373.000/0001-32;BRADESCO
VESTE S.A. ESTILO;VSTE3;49.669.856/0001-43;ITAÚ CORRETORA DE AÇÕES
VIA S.A.;VIIA3;33.041.260/0652-90;ITAÚ CORRETORA DE AÇÕES
VIBRA ENERGIA S.A.;VBBR3;34.274.233/0001-02;BRADESCO
VITTIA FERTILIZANTES BIOLÓGICOS S.A.;VITT3;45.365.558/0001-09;BRADESCO
VIVARA PARTICIPAÇÕES S.A.;VIVA3;33.839.910/0001-11;ITAÚ CORRETORA DE AÇÕES
VIVER INCORPORADORA E CONSTRUTORA S.A.;VIVR3;67.571.414/0001-41;ITAÚ CORRETORA DE AÇÕES
VULCABRAS S.A.;VULC3;50.926.955/0001-42;BRADESCO
WEG S.A.;WEGE3;84.429.695/0001-11;BRADESCO
WESTWING COMÉRCIO VAREJISTA S.A.;WEST3;14.776.142/0001-50;ITAÚ CORRETORA DE AÇÕES
WETZEL S.A.;"MWET3
MWET4";84.683.671/0001-94;ITAÚ CORRETORA DE AÇÕES
WHIRLPOOL S.A.;"WHRL3
WHRL4";59.105.999/0001-86;BRADESCO
WILSON SONS HOLDINGS BRASIL S.A.;PORT3;33.130.691/0001-05;ITAÚ CORRETORA DE AÇÕES
WIZ CO PARTICIPAÇÕES E CORRETAGEM DE SEGUROS S.A.;WIZC3;42.278.473/0001-03;ITAÚ CORRETORA DE AÇÕES
WLM PART. E COMÉRCIO DE MÁQUINAS E VEÍCULOS S.A.;"WLMM3
WLMM4";33.228.024/0001-51;BRADESCO
YBYRÁ CAPITAL S.A.;"YBRA3
YBRA4";02.217.319/0001-07;ITAÚ CORRETORA DE AÇÕES
YDUQS PARTICIPAÇÕES S.A.;YDUQ3;08.807.432/0001-10;ITAÚ CORRETORA DE AÇÕES
ZAMP S.A.;ZAMP3;13.574.594/0001-96;ITAÚ CORRETORA DE AÇÕES
